{"cameraMode":{"drawMode":0,"name":"Shaded","section":"Shading Mode"},"sceneLighting":true,"audioPlay":false,"sceneViewState":{"m_AlwaysRefresh":false,"showFog":true,"showSkybox":true,"showFlares":true,"showImageEffects":true,"showParticleSystems":true,"showVisualEffectGraphs":true,"m_FxEnabled":true},"in2DMode":false,"pivot":{"x":-13.467376708984375,"y":-0.8867912292480469,"z":141.18919372558595},"rotation":{"x":-0.05066855251789093,"y":-0.005997424945235252,"z":-0.0003024082980118692,"w":0.9987088441848755},"size":131.64407348632813,"orthographic":false}