{"cameraMode":{"drawMode":0,"name":"Shaded","section":"Shading Mode"},"sceneLighting":true,"audioPlay":false,"sceneViewState":{"m_AlwaysRefresh":false,"showFog":true,"showSkybox":true,"showFlares":true,"showImageEffects":true,"showParticleSystems":true,"showVisualEffectGraphs":true,"m_FxEnabled":true},"in2DMode":false,"pivot":{"x":30.05850601196289,"y":-16.915813446044923,"z":61.74700927734375},"rotation":{"x":-0.015304055996239186,"y":0.02459188736975193,"z":-0.00038163564749993384,"w":-0.9995959401130676},"size":137.55706787109376,"orthographic":false}