{"cameraMode":{"drawMode":0,"name":"Shaded","section":"Shading Mode"},"sceneLighting":true,"audioPlay":false,"sceneViewState":{"m_AlwaysRefresh":false,"showFog":true,"showSkybox":true,"showFlares":true,"showImageEffects":true,"showParticleSystems":true,"showVisualEffectGraphs":true,"m_FxEnabled":true},"in2DMode":false,"pivot":{"x":-1.173250436782837,"y":-0.12711189687252046,"z":0.24660491943359376},"rotation":{"x":-0.05726875737309456,"y":0.018565412610769273,"z":-0.0010701373685151339,"w":-0.9982020258903503},"size":0.00001732682721922174,"orthographic":false}