{"cameraMode":{"drawMode":0,"name":"Shaded","section":"Shading Mode"},"sceneLighting":true,"audioPlay":false,"sceneViewState":{"m_AlwaysRefresh":false,"showFog":true,"showSkybox":true,"showFlares":true,"showImageEffects":true,"showParticleSystems":true,"showVisualEffectGraphs":true,"m_FxEnabled":true},"in2DMode":false,"pivot":{"x":21.463754653930665,"y":-5.855914115905762,"z":3.7832202911376955},"rotation":{"x":-0.05866805836558342,"y":0.06045589968562126,"z":-0.003564553102478385,"w":-0.9964550733566284},"size":10.658955574035645,"orthographic":false}